,polyline,value
0,"[[3, 41.14892699999999, -8.585730000000002], [4, 41.148963, -8.585982], [5, 41.1489585, -8.586189000000001], [6, 41.148954, -8.586396]]",20.0
0,"[[7, 41.1462855, -8.610277499999999], [8, 41.14638, -8.610111], [9, 41.1464745, -8.609944500000001], [10, 41.14656900000001, -8.609778000000002], [11, 41.14666350000001, -8.609611500000003], [12, 41.14675800000001, -8.609445000000004], [19, 41.1473295, -8.6088375]]",15.0
0,"[[1, 41.148828, -8.585730000000002], [2, 41.14897200000001, -8.585721], [3, 41.148987000000005, -8.58591], [4, 41.149002, -8.586099], [5, 41.149017, -8.586288000000001], [6, 41.14901700000001, -8.586288]]",19.0
0,"[[1, 41.1489, -8.585640000000001], [2, 41.148945, -8.585919], [3, 41.14893599999999, -8.586144], [4, 41.14892699999999, -8.586369000000001]]",18.0
0,"[[1, 41.144724, -8.606673], [2, 41.144706, -8.606799], [3, 41.144679, -8.60679], [4, 41.144724, -8.606708999999999]]",11.0
0,"[[7, 41.148936000000006, -8.585775], [8, 41.14896300000001, -8.586036], [9, 41.14899000000001, -8.586297], [10, 41.148990000000005, -8.586297]]",17.0
0,"[[4, 41.148954, -8.585837999999999], [5, 41.14897200000001, -8.586063000000001], [6, 41.14897200000001, -8.586170999999998]]",17.0
0,"[[7, 41.15084400000001, -8.593388999999997], [8, 41.150844, -8.593389], [9, 41.150814, -8.5935825]]",11.0
0,"[[247, 41.145966, -8.613639000000001], [248, 41.145966, -8.613666], [256, 41.145966, -8.612468999999999], [257, 41.146002, -8.612442], [259, 41.146032, -8.61222]]",17.0
0,"[[230, 41.145192, -8.616222], [231, 41.14528425, -8.61601725], [232, 41.145376500000005, -8.6158125], [233, 41.145468750000006, -8.61560775], [235, 41.145561, -8.615403], [236, 41.1456225, -8.615215500000001]]",11.0
0,"[[219, 41.145993, -8.617905], [220, 41.145826500000005, -8.617774500000001], [221, 41.14566000000001, -8.617644000000002], [222, 41.14549350000001, -8.617513500000003], [224, 41.145327, -8.617383], [225, 41.1453045, -8.6171895]]",9.0
0,"[[188, 41.147713800000005, -8.622531000000002], [189, 41.14765800000001, -8.622324000000003], [190, 41.147658, -8.622324]]",9.0
0,"[[144, 41.152509, -8.626455], [145, 41.1525, -8.626473], [146, 41.15251799999999, -8.626401]]",15.0
0,"[[122, 41.1525426, -8.6301516], [123, 41.152532400000005, -8.6299704], [124, 41.15252220000001, -8.6297892], [125, 41.15251200000001, -8.629608], [126, 41.15250180000001, -8.6294268], [128, 41.15248140000001, -8.629064399999999], [129, 41.152471200000015, -8.628883199999999], [130, 41.15246100000002, -8.628701999999999], [131, 41.15245080000002, -8.628520799999999]]",9.0
0,"[[109, 41.15258550000002, -8.632298249999998], [110, 41.152590000000025, -8.632106999999998], [111, 41.15259450000003, -8.631915749999997], [112, 41.15259900000003, -8.631724499999997], [113, 41.15260350000003, -8.631533249999997], [114, 41.15260800000004, -8.631341999999997]]",9.0
0,"[[2, 41.16304414285714, -8.633316857142859], [3, 41.16289371428571, -8.633206285714287], [4, 41.16274328571428, -8.633095714285716]]",13.0
0,"[[13, 41.157453, -8.6302995], [14, 41.157339, -8.630148], [15, 41.157225, -8.6299965], [16, 41.15711099999999, -8.629845000000001], [17, 41.15699699999999, -8.629693500000002], [18, 41.15688299999999, -8.629542000000002]]",10.0
0,"[[7, 41.158305000000006, -8.630325000000001], [8, 41.15812050000001, -8.630356500000001], [9, 41.15793600000001, -8.630388], [10, 41.1577515, -8.630419499999999]]",11.0
0,"[[66, 41.147811, -8.610246], [119, 41.1476420769232, -8.619875653846131], [120, 41.14763376923089, -8.620059288461515], [121, 41.14762546153859, -8.6202429230769], [122, 41.14761715384629, -8.620426557692284], [135, 41.147811, -8.6225265]]",26.0
0,"[[2, 41.148747, -8.585712000000001], [3, 41.148945, -8.585775], [4, 41.148981, -8.586036]]",16.0
0,"[[11, 41.15214642857142, -8.626392], [12, 41.15234957142856, -8.626418999999999], [13, 41.1525527142857, -8.626445999999998]]",12.0
0,"[[0, 41.1489, -8.585685000000002], [1, 41.148990000000005, -8.586018000000001], [2, 41.1490116, -8.5862178], [3, 41.1490332, -8.586417599999999]]",13.0
0,"[[20, 41.158692, -8.629821000000002], [21, 41.1585192, -8.629923600000001], [22, 41.1583464, -8.630026200000001]]",12.0
0,"[[131, 41.145993, -8.612829000000001], [132, 41.145993, -8.612829], [133, 41.146065, -8.61255], [134, 41.146038, -8.612316]]",17.0
0,"[[109, 41.14523442857143, -8.616102428571427], [110, 41.14531671428571, -8.615932714285712], [111, 41.145399, -8.615762999999998], [112, 41.145399, -8.615763], [113, 41.14546457142857, -8.615588142857142], [114, 41.14553014285714, -8.615413285714284], [115, 41.14559571428571, -8.615238428571427]]",10.0
0,"[[94, 41.1461655, -8.6177175], [95, 41.145987000000005, -8.617664999999999], [96, 41.14580850000001, -8.617612499999998], [97, 41.14563000000001, -8.617559999999997], [98, 41.145451500000014, -8.617507499999997]]",9.0
0,"[[1, 41.148846, -8.585747999999999], [2, 41.148945, -8.585973], [3, 41.149044, -8.586198], [4, 41.1489, -8.586234000000001]]",13.0
0,"[[1, 41.148756, -8.585730000000002], [2, 41.148954, -8.585721], [3, 41.148981, -8.586063000000001], [4, 41.148801000000006, -8.586153]]",12.0
0,"[[16, 41.147433, -8.609013], [23, 41.14776599999999, -8.610124500000001], [24, 41.14779599999999, -8.610303000000002], [25, 41.14782599999998, -8.610481500000002], [28, 41.147802, -8.610714000000002], [29, 41.147694, -8.610777], [30, 41.147895, -8.610819000000001]]",23.0
0,"[[63, 41.153922, -8.612091], [64, 41.154126000000005, -8.6121255], [65, 41.15433, -8.61216], [66, 41.154534, -8.6121945], [68, 41.15494199999999, -8.6122635]]",11.0
0,"[[18, 41.164137, -8.636616], [19, 41.164119, -8.636589], [21, 41.164137, -8.636553000000001]]",9.0
0,"[[1, 41.151276, -8.609652], [2, 41.1515145, -8.6097465], [3, 41.151753, -8.609841], [4, 41.151789, -8.610183000000001]]",14.0
0,"[[45, 41.14765764705876, -8.619991941176485], [46, 41.14764688235287, -8.620175647058838], [47, 41.14763611764699, -8.620359352941191]]",25.0
0,"[[2, 41.148747, -8.585747999999999], [3, 41.148963, -8.585847000000001], [4, 41.14897200000001, -8.58591], [5, 41.148927, -8.586112499999999]]",12.0
0,"[[11, 41.162913, -8.606682000000001], [12, 41.16308785714286, -8.606620285714287], [13, 41.16326271428572, -8.606558571428574], [14, 41.16343757142858, -8.60649685714286], [15, 41.16361242857144, -8.606435142857146], [16, 41.1637872857143, -8.606373428571432], [17, 41.16396214285716, -8.606311714285718], [21, 41.164515, -8.606364000000001], [23, 41.164704, -8.606421000000001], [24, 41.16489171428572, -8.606424857142859], [25, 41.16507942857143, -8.606428714285716], [26, 41.16526714285715, -8.606432571428574]]",19.0
0,"[[46, 41.148036, -8.610549], [71, 41.151648, -8.609634000000002], [72, 41.151786, -8.609769000000002]]",20.0
0,"[[1, 41.144688, -8.606475], [2, 41.144688, -8.606493], [3, 41.144697, -8.606501999999999], [4, 41.144697, -8.60652], [5, 41.144688, -8.606501999999999], [6, 41.144805, -8.606799], [7, 41.144949, -8.606949]]",9.0
0,"[[23, 41.15247300000004, -8.629001999999993], [24, 41.152473, -8.629002], [25, 41.152464, -8.628817], [26, 41.152455, -8.628632]]",9.0
0,"[[83, 41.163154500000005, -8.633607000000001], [84, 41.16301800000001, -8.633478], [85, 41.16288150000001, -8.633348999999999], [86, 41.162745000000015, -8.633219999999998]]",12.0
0,"[[28, 41.16495960000001, -8.6424606], [29, 41.16489480000001, -8.6422788], [30, 41.164830000000016, -8.642097]]",11.0
0,"[[39, 41.152473, -8.626545], [40, 41.152473, -8.626554], [41, 41.152491000000005, -8.626545], [42, 41.152482, -8.626562999999999]]",13.0
0,"[[77, 41.148729, -8.607789], [78, 41.148693, -8.607771], [80, 41.148693, -8.60733]]",10.0
0,"[[30, 41.15350275000003, -8.6085645], [31, 41.15349900000003, -8.608383], [32, 41.153499, -8.608383], [33, 41.153491800000005, -8.6081985], [34, 41.153484600000006, -8.608014], [35, 41.15347740000001, -8.607829500000001], [36, 41.15347020000001, -8.607645000000002], [37, 41.15346300000001, -8.607460500000002], [38, 41.15345580000001, -8.607276000000002], [39, 41.15344860000001, -8.607091500000003], [40, 41.15344140000001, -8.606907000000003]]",10.0
0,"[[22, 41.15353275000001, -8.6100165], [23, 41.15352900000001, -8.609835], [24, 41.153525250000015, -8.6096535]]",10.0
0,"[[4, 41.1537795, -8.6130975], [5, 41.153754, -8.612898000000001], [6, 41.1537285, -8.612698500000002], [7, 41.153703, -8.612499000000003], [8, 41.1536775, -8.612299500000004]]",14.0
0,"[[40, 41.146245, -8.61156], [41, 41.14591200000001, -8.611443], [42, 41.146056, -8.611191], [43, 41.146101, -8.611182]]",9.0
0,"[[25, 41.1478875, -8.610102000000001], [26, 41.14783799999999, -8.610309], [27, 41.147838, -8.610309], [28, 41.147838, -8.610372], [29, 41.1477975, -8.610624000000001]]",19.0
0,"[[2, 41.151348000000006, -8.609652], [4, 41.151639, -8.609688000000002], [5, 41.151831, -8.609832000000003]]",18.0
0,"[[1, 41.148981, -8.585766], [2, 41.148990000000005, -8.586053999999999], [3, 41.1490125, -8.586324000000001], [4, 41.149035, -8.586594000000002], [5, 41.149090125, -8.586784125000001], [6, 41.14914525, -8.58697425], [7, 41.14920037500001, -8.587164375]]",10.0
0,"[[2, 41.148801000000006, -8.585721], [3, 41.14897200000001, -8.585973000000001], [4, 41.148981000000006, -8.586229500000002], [5, 41.148990000000005, -8.586486], [6, 41.149031400000005, -8.5866696], [7, 41.149072800000006, -8.5868532], [8, 41.14911420000001, -8.5870368], [9, 41.14915560000001, -8.5872204]]",9.0
0,"[[36, 41.153373, -8.610048], [37, 41.15353757142857, -8.60995542857143], [38, 41.15370214285714, -8.60986285714286]]",19.0
0,"[[7, 41.149575, -8.610237000000001], [8, 41.1497685, -8.610210000000002], [11, 41.150148, -8.610225000000002], [12, 41.150334, -8.610267000000002]]",16.0
0,"[[34, 41.147499, -8.608856999999999], [40, 41.14768949999999, -8.6097825], [41, 41.14772099999999, -8.609967], [43, 41.14778399999999, -8.610335999999998], [44, 41.147784, -8.610335999999998]]",20.0
0,"[[1, 41.1446745, -8.606475], [2, 41.144724, -8.606663999999999], [3, 41.144826, -8.606817], [4, 41.14492799999999, -8.60697], [6, 41.14503, -8.607123]]",9.0
0,"[[85, 41.16318524999999, -8.633677500000003], [86, 41.16309862499999, -8.633504250000003], [87, 41.16301199999999, -8.633331000000004], [88, 41.163012, -8.633331], [89, 41.1628626, -8.6331942], [90, 41.1627132, -8.6330574]]",10.0
0,"[[66, 41.1643395, -8.63671275], [67, 41.16429, -8.636498999999999], [68, 41.16429, -8.636499]]",10.0
0,"[[51, 41.16458399999999, -8.639028], [52, 41.16457299999999, -8.638836], [53, 41.16456199999999, -8.638644], [54, 41.16455099999999, -8.638452], [55, 41.164551, -8.638452000000001], [56, 41.164538400000005, -8.638236000000001]]",9.0
0,"[[32, 41.165001, -8.6424228], [33, 41.164965, -8.642241], [34, 41.164936363636365, -8.642053636363636], [35, 41.16490772727273, -8.641866272727272]]",10.0
0,"[[3, 41.148882, -8.585694], [4, 41.148954, -8.585766], [5, 41.148963, -8.585882999999999], [6, 41.1489855, -8.586144]]",9.0
0,"[[39, 41.1477732, -8.609664599999999], [40, 41.1477894, -8.609848199999998], [41, 41.1478056, -8.610031799999998], [42, 41.1478218, -8.610215399999998], [43, 41.14783799999999, -8.610398999999997], [45, 41.14773, -8.610678], [46, 41.147949, -8.610759]]",18.0
0,"[[59, 41.16302100000001, -8.6334246], [60, 41.16285900000001, -8.6332914], [61, 41.162697000000016, -8.633158199999999]]",10.0
0,"[[19, 41.164632, -8.639361000000001], [20, 41.164632, -8.639235000000001], [21, 41.164632, -8.639199000000001], [22, 41.164623000000006, -8.639127]]",9.0
0,"[[16, 41.15747699999999, -8.630036999999998], [17, 41.157477, -8.630037], [18, 41.157315, -8.629866]]",9.0
0,"[[35, 41.154084000000005, -8.611875000000001], [36, 41.154084000000005, -8.611875], [37, 41.154255000000006, -8.611946999999999], [38, 41.15442600000001, -8.612018999999998], [39, 41.15459700000001, -8.612090999999998], [40, 41.15476800000001, -8.612162999999997], [41, 41.15493900000001, -8.612234999999997], [42, 41.155110000000015, -8.612306999999996]]",10.0
0,"[[29, 41.15867700000001, -8.629817999999998], [30, 41.158603000000014, -8.629993999999998], [31, 41.158529000000016, -8.630169999999998], [32, 41.15845500000002, -8.630345999999998]]",9.0
0,"[[32, 41.160843000000014, -8.646363000000001], [33, 41.16084300000001, -8.646363000000001], [34, 41.160825, -8.646345], [35, 41.160825, -8.646354]]",12.0
0,"[[58, 41.152644, -8.632566], [59, 41.152644, -8.632557], [60, 41.152653, -8.632584], [61, 41.152653, -8.632530000000001], [62, 41.152653, -8.632291500000001], [63, 41.152653, -8.632053]]",14.0
0,"[[122, 41.164126615384674, -8.606411999999981], [123, 41.16430107692314, -8.60634899999998], [124, 41.1644755384616, -8.60628599999998], [126, 41.16465, -8.606223], [128, 41.16513375, -8.606331], [129, 41.1653475, -8.606349000000002]]",15.0
0,"[[21, 41.147793, -8.610984], [22, 41.14782, -8.611047000000001], [23, 41.147937, -8.611172999999999]]",19.0
0,"[[3, 41.163078600000006, -8.6333886], [4, 41.1629202, -8.6332752], [5, 41.1627618, -8.6331618]]",9.0
0,"[[120, 41.164164, -8.606484], [121, 41.164347375, -8.60647275], [122, 41.16453075, -8.6064615], [123, 41.164714125, -8.60645025], [124, 41.1648975, -8.606439], [125, 41.165080875, -8.60642775]]",14.0
0,"[[10, 41.147487, -8.6087925], [11, 41.14755, -8.609048999999999], [12, 41.14755, -8.609049], [15, 41.147721, -8.609658750000001], [16, 41.147784, -8.609872500000002], [17, 41.147847, -8.610086250000002]]",18.0
0,"[[9, 41.15388857142859, -8.61217071428571], [10, 41.15385000000002, -8.611991999999995], [11, 41.15385, -8.611992]]",9.0
0,"[[161, 41.152716000000005, -8.631207000000002], [162, 41.15268, -8.631234], [163, 41.152689, -8.631438], [196, 41.152743, -8.63676]]",12.0
0,"[[75, 41.14765969811316, -8.62002849056607], [76, 41.14765273584901, -8.620209679245315], [77, 41.147645773584856, -8.620390867924561]]",24.0
0,"[[9, 41.153943600000005, -8.6128506], [10, 41.1539094, -8.6126364], [11, 41.1538752, -8.6124222], [12, 41.153841, -8.612207999999999], [13, 41.15384100000001, -8.612208]]",11.0
0,"[[80, 41.16955837500001, -8.606010374999999], [81, 41.16970350000001, -8.605894499999998], [82, 41.169848625000014, -8.605778624999997], [83, 41.16999375000002, -8.605662749999997], [84, 41.17013887500002, -8.605546874999996], [86, 41.170284, -8.605431]]",11.0
0,"[[53, 41.16501128571429, -8.606228142857143], [54, 41.165197714285725, -8.606253857142857], [55, 41.16538414285716, -8.606279571428571]]",13.0
0,"[[10, 41.15378700000001, -8.613197999999999], [11, 41.15377980000001, -8.612996399999998], [13, 41.15376540000001, -8.612593199999997], [14, 41.15375820000001, -8.612391599999997], [15, 41.153751000000014, -8.612189999999996], [16, 41.153751, -8.61219]]",12.0
0,"[[76, 41.16912715384618, -8.605934999999999], [78, 41.16950238461542, -8.605844999999999], [79, 41.16969000000004, -8.605799999999999], [80, 41.16969, -8.6058], [81, 41.169807, -8.605654714285714], [82, 41.169924, -8.605509428571429], [83, 41.170041000000005, -8.605364142857143], [84, 41.17015800000001, -8.605218857142857]]",10.0
0,"[[48, 41.164317, -8.60641200000001], [49, 41.164317, -8.606412], [50, 41.164506, -8.606358], [51, 41.164695, -8.606304], [52, 41.164877571428576, -8.606309785714286], [53, 41.16506014285715, -8.606315571428572], [54, 41.165242714285725, -8.606321357142859]]",12.0
0,"[[76, 41.14597827272727, -8.612622818181817], [77, 41.1459799090909, -8.612429727272726], [78, 41.14598154545454, -8.612236636363635], [79, 41.145983181818174, -8.612043545454544], [80, 41.14598481818181, -8.611850454545452], [81, 41.14598645454544, -8.611657363636361], [82, 41.14598809090908, -8.61146427272727]]",14.0
0,"[[1, 41.145983, -8.610513], [2, 41.146099, -8.610365999999999], [3, 41.146215, -8.610218999999999], [5, 41.146447, -8.609924999999999], [6, 41.14656299999999, -8.609777999999999], [7, 41.14667899999999, -8.609630999999998], [8, 41.14679499999999, -8.609483999999998], [14, 41.14736804347826, -8.608698782608696]]",12.0
0,"[[82, 41.147404615384765, -8.620657269230792], [86, 41.147442, -8.621235], [87, 41.147496, -8.621451], [88, 41.14755, -8.621667], [89, 41.147586, -8.62191]]",20.0
0,"[[32, 41.1461198181818, -8.61250581818181], [33, 41.14611490909088, -8.6123209090909], [34, 41.14610999999997, -8.61213599999999], [35, 41.14610999999999, -8.612136]]",14.0
0,"[[1, 41.146002720000006, -8.6103648], [2, 41.14613844000001, -8.6102406], [3, 41.14627416000001, -8.610116399999999], [4, 41.146409880000014, -8.609992199999999], [5, 41.14654560000002, -8.609867999999999], [6, 41.14668132000002, -8.609743799999999], [7, 41.14681704000002, -8.609619599999998]]",10.0
0,"[[82, 41.147501000000176, -8.620484666666647], [83, 41.14749400000018, -8.620666333333313], [86, 41.147559, -8.621055], [87, 41.147571, -8.621238], [88, 41.147583, -8.621421], [89, 41.147595, -8.621604], [90, 41.14762875, -8.621813249999999], [91, 41.1476625, -8.6220225], [92, 41.14769625, -8.622231750000001], [95, 41.147802, -8.622486]]",21.0
0,"[[24, 41.147802000000006, -8.610696000000004], [25, 41.147802, -8.610696], [26, 41.147986, -8.610643000000001]]",19.0
0,"[[1, 41.146035, -8.610462], [2, 41.146185, -8.610291], [3, 41.14633500000001, -8.61012], [4, 41.14633500000001, -8.610120000000002], [5, 41.14644187500001, -8.609956875000002], [6, 41.14654875000001, -8.609793750000001], [7, 41.14665562500001, -8.609630625000001], [8, 41.14676250000001, -8.609467500000001]]",9.0
0,"[[24, 41.147575200000006, -8.609830200000001], [25, 41.14761480000001, -8.610040800000002], [26, 41.14765440000001, -8.610251400000003]]",12.0
0,"[[9, 41.153868, -8.613238500000001], [12, 41.153661, -8.6126976], [13, 41.153643, -8.6124834]]",11.0
0,"[[80, 41.14750156363621, -8.620286727272703], [81, 41.14749567272712, -8.62046754545452], [82, 41.14748978181802, -8.620648363636338], [83, 41.14748389090893, -8.620829181818156], [85, 41.147478, -8.62101], [86, 41.147505, -8.621226], [87, 41.147532000000005, -8.621442], [88, 41.14755900000001, -8.621658], [89, 41.147559, -8.621658], [90, 41.147613, -8.621901], [91, 41.147667000000006, -8.622081]]",20.0
0,"[[16, 41.147424, -8.6089725], [26, 41.147775, -8.610615000000003], [27, 41.14777500000001, -8.610615000000001], [29, 41.147802, -8.611065]]",13.0
0,"[[33, 41.15353949999997, -8.608677750000005], [34, 41.15353499999997, -8.608492500000006], [35, 41.15353049999997, -8.608307250000006], [36, 41.15352599999997, -8.608122000000007], [37, 41.153526, -8.608122], [38, 41.153472, -8.607996], [39, 41.153454, -8.607762], [40, 41.15343728571429, -8.607567857142856], [41, 41.153420571428576, -8.607373714285712], [42, 41.15340385714286, -8.607179571428569], [43, 41.15338714285715, -8.606985428571425], [44, 41.15337042857144, -8.606791285714282]]",9.0
0,"[[8, 41.153895000000006, -8.613189], [9, 41.153688, -8.613018], [10, 41.15367675, -8.61279525], [11, 41.1536655, -8.612572499999999], [12, 41.15365425, -8.612349749999998]]",9.0
0,"[[6, 41.14773, -8.620216200000002], [7, 41.147649, -8.620394400000002], [8, 41.147568, -8.620572600000003], [9, 41.147487, -8.620750800000003], [13, 41.14746900000001, -8.621343], [14, 41.147505, -8.6215635], [15, 41.147541, -8.621784000000002], [16, 41.147541, -8.621784], [17, 41.14759725, -8.62199325], [18, 41.1476535, -8.6222025], [19, 41.14770975, -8.622411750000001], [20, 41.147766, -8.622621000000002]]",19.0
0,"[[83, 41.14753519999998, -8.620422799999973], [86, 41.1475245, -8.620789499999999], [87, 41.147526, -8.620973999999999], [88, 41.1475275, -8.621158499999998], [89, 41.14752899999999, -8.621342999999998], [90, 41.14753049999999, -8.621527499999997], [91, 41.147531999999984, -8.621711999999997], [92, 41.147532000000005, -8.621712], [93, 41.147580000000005, -8.621896], [94, 41.147628000000005, -8.622079999999999], [95, 41.147676, -8.622263999999998], [96, 41.147724, -8.622447999999997], [97, 41.147772, -8.622631999999996], [98, 41.14782, -8.622815999999995], [99, 41.147868, -8.622999999999994], [100, 41.147916, -8.623183999999993], [105, 41.148164571428566, -8.623954285714285], [106, 41.14823142857142, -8.624149714285714], [107, 41.14829828571428, -8.624345142857143], [108, 41.14836514285713, -8.624540571428572], [110, 41.148432, -8.624736], [115, 41.14913849999999, -8.625455999999998], [116, 41.14931399999999, -8.625539999999997], [117, 41.14948949999999, -8.625623999999997], [119, 41.149665, -8.625708], [120, 41.149846125, -8.625734999999999], [121, 41.15002725, -8.625761999999998], [122, 41.15020837499999, -8.625788999999997], [123, 41.15038949999999, -8.625815999999997], [124, 41.15057062499999, -8.625842999999996], [125, 41.15075174999998, -8.625869999999995], [126, 41.15093287499998, -8.625896999999995], [127, 41.15111399999998, -8.625923999999994], [128, 41.151114, -8.625924], [129, 41.151303, -8.625967874999999], [130, 41.151492, -8.626011749999998], [131, 41.151681, -8.626055624999998], [132, 41.15187, -8.626099499999997], [133, 41.152059, -8.626143374999996], [134, 41.15224799999999, -8.626187249999996], [135, 41.15243699999999, -8.626231124999995], [137, 41.152626, -8.626275], [163, 41.152626, -8.630395714285715], [181, 41.152626, -8.633421]]",18.0
0,"[[17, 41.147433, -8.608806000000001], [18, 41.1474744, -8.608989600000001], [29, 41.14781100000001, -8.6108292], [30, 41.147838000000014, -8.611011], [31, 41.147838, -8.611011]]",14.0
0,"[[4, 41.151672000000005, -8.609634000000002], [5, 41.1518475, -8.609692500000001], [14, 41.15327850000001, -8.609924249999999], [15, 41.153463000000016, -8.609903999999998], [16, 41.153463, -8.609904]]",11.0
0,"[[3, 41.147676, -8.620217999999998], [4, 41.147676, -8.620218], [5, 41.147647500000005, -8.6204205], [18, 41.147739, -8.622473399999999], [19, 41.14779299999999, -8.622669599999998], [20, 41.14784699999999, -8.622865799999998]]",18.0
0,"[[32, 41.14771019999999, -8.610044399999998], [33, 41.14777859999999, -8.610244199999997], [35, 41.147847, -8.610444], [37, 41.147901, -8.610507], [38, 41.1478326, -8.6106834]]",11.0
0,"[[7, 41.153841, -8.61327], [8, 41.15384100000001, -8.61327], [9, 41.153760000000005, -8.613054], [10, 41.153757000000006, -8.612829], [11, 41.153754000000006, -8.612604], [12, 41.15375100000001, -8.612378999999999], [13, 41.153751, -8.612379]]",9.0
0,"[[152, 41.151744, -8.625951], [153, 41.151906, -8.625996], [154, 41.15196, -8.625987], [155, 41.1521805, -8.626059000000001], [156, 41.152401, -8.626131], [157, 41.152509, -8.626167], [158, 41.152536000000005, -8.626368000000001]]",16.0
0,"[[144, 41.150979, -8.625879], [146, 41.151312, -8.625753], [147, 41.151514500000005, -8.625824999999999]]",17.0
0,"[[93, 41.14766929787235, -8.620057148936196], [94, 41.1476570425532, -8.620240021276622], [95, 41.14764478723405, -8.620422893617048], [117, 41.14810500000001, -8.623771999999997], [118, 41.14814700000001, -8.623947999999997], [119, 41.14818900000001, -8.624123999999997], [120, 41.148189, -8.624124000000002], [121, 41.148279, -8.624296125], [122, 41.148369, -8.62446825], [123, 41.148459, -8.624640374999998], [124, 41.148549, -8.624812499999997], [125, 41.148639, -8.624984624999996], [131, 41.149314, -8.625606000000001], [132, 41.1495165, -8.625658500000002], [133, 41.149719000000005, -8.625711000000003], [134, 41.149921500000005, -8.625763500000003], [135, 41.150124000000005, -8.625816000000004], [136, 41.150124, -8.625816000000002], [137, 41.150466, -8.62587]]",17.0
0,"[[52, 41.14803375, -8.612544374999999], [53, 41.1480675, -8.612732249999999], [54, 41.14810125, -8.612920124999999]]",13.0
0,"[[27, 41.147370000000016, -8.608554000000005], [28, 41.14737, -8.608554], [29, 41.1474204, -8.6087412], [30, 41.1474708, -8.608928400000002], [36, 41.14769040000001, -8.6098572], [37, 41.14772460000001, -8.6100408], [38, 41.14775880000001, -8.6102244], [39, 41.147793000000014, -8.610408], [40, 41.147793, -8.610408], [41, 41.147805, -8.6106075]]",10.0
0,"[[59, 41.14774799999999, -8.609922], [60, 41.14774799999999, -8.609922000000001], [61, 41.147796, -8.610117], [62, 41.147844000000006, -8.610312], [63, 41.14789200000001, -8.610507], [64, 41.147892000000006, -8.610507], [65, 41.147892000000006, -8.610561]]",9.0
0,"[[81, 41.16431339999999, -8.606296799999999], [83, 41.164515, -8.606240999999999], [84, 41.164749, -8.606268], [85, 41.164758, -8.606277], [86, 41.164965, -8.606295], [87, 41.165172000000005, -8.606313]]",11.0
0,"[[63, 41.161815, -8.607203999999996], [64, 41.161991400000005, -8.607126599999996], [65, 41.162167800000006, -8.607049199999995], [66, 41.16234420000001, -8.606971799999995], [67, 41.16252060000001, -8.606894399999995]]",9.0
0,"[[36, 41.157558, -8.609121], [37, 41.1577215, -8.6090385], [38, 41.157885, -8.608956000000001], [40, 41.158212, -8.608791000000002], [42, 41.158539, -8.608626000000003], [43, 41.158539000000005, -8.608626000000001], [44, 41.15870700000001, -8.608554000000002], [45, 41.15887500000001, -8.608482000000002], [46, 41.15904300000001, -8.608410000000003], [47, 41.15921100000001, -8.608338000000003], [48, 41.159379000000015, -8.608266000000004], [49, 41.15954700000002, -8.608194000000005], [50, 41.15971500000002, -8.608122000000005]]",9.0
0,"[[0, 41.151735, -8.609706000000001], [1, 41.151933, -8.609895], [2, 41.1521535, -8.60991525], [3, 41.152374, -8.6099355], [4, 41.15259449999999, -8.609955750000001], [6, 41.152815, -8.609976000000001], [7, 41.153022, -8.609952600000002], [8, 41.153229, -8.609929200000002], [9, 41.15343599999999, -8.609905800000002], [10, 41.15364299999999, -8.609882400000002], [12, 41.15385, -8.609859], [13, 41.15402775, -8.609769], [14, 41.1542055, -8.609679], [15, 41.15438325, -8.609589], [16, 41.154561, -8.609499], [17, 41.154561, -8.609499000000001]]",9.0
0,"[[104, 41.1692025, -8.6062125], [105, 41.169363, -8.606094], [106, 41.1695235, -8.605975500000001], [107, 41.169684, -8.605857000000002], [108, 41.1698445, -8.605738500000003], [109, 41.170005, -8.605620000000004], [110, 41.170005, -8.60562], [111, 41.1702075, -8.6054625]]",9.0
0,"[[77, 41.1647985, -8.6062275], [78, 41.164980750000005, -8.60623425], [80, 41.165163, -8.606240999999999], [81, 41.16534428571428, -8.606267999999998]]",10.0
0,"[[65, 41.163012, -8.606772], [66, 41.163165, -8.606673], [68, 41.16346200000001, -8.606565000000002], [69, 41.16363750000001, -8.606448], [71, 41.163813, -8.606330999999999]]",9.0
0,"[[40, 41.14604339999999, -8.611588799999996], [41, 41.14605599999999, -8.611388999999996], [42, 41.146056, -8.611388999999999]]",14.0
0,"[[111, 41.152428, -8.634834000000005], [112, 41.152428, -8.634834000000001], [113, 41.15241, -8.635076999999999], [114, 41.152428, -8.635149]]",13.0
0,"[[0, 41.147991, -8.619831], [1, 41.147991, -8.619857999999999], [2, 41.147991, -8.619902999999999], [6, 41.14764, -8.6202], [17, 41.14764, -8.622162], [19, 41.147739, -8.622530999999999], [20, 41.1477885, -8.622715499999998], [25, 41.147991, -8.6234472], [27, 41.148099, -8.6238036], [28, 41.14815299999999, -8.623981800000001], [30, 41.148207, -8.62416], [31, 41.1482754, -8.6243346], [32, 41.148343800000006, -8.624509199999999], [33, 41.14841220000001, -8.624683799999998], [39, 41.14906199999999, -8.62544475], [41, 41.149233, -8.625582], [42, 41.14926, -8.625546], [43, 41.149449, -8.625573], [44, 41.149638, -8.625615428571429], [45, 41.149827, -8.625657857142858], [46, 41.150016, -8.625700285714288], [47, 41.150205, -8.625742714285717], [48, 41.150394, -8.625785142857147], [49, 41.150583, -8.625827571428577], [50, 41.150772, -8.625870000000006], [51, 41.150772, -8.62587], [52, 41.150968500000005, -8.625882], [53, 41.151165000000006, -8.625894], [54, 41.15136150000001, -8.625906], [55, 41.15155800000001, -8.625918], [56, 41.15175450000001, -8.62593], [57, 41.15195100000001, -8.625942], [58, 41.151951, -8.625942], [60, 41.15241, -8.626086]]",16.0
0,"[[33, 41.152509, -8.628876], [34, 41.152509, -8.629137], [35, 41.152509, -8.629398], [36, 41.1525315, -8.629582500000001], [37, 41.152554, -8.629767000000001], [38, 41.152578, -8.629974]]",12.0
0,"[[81, 41.14782404999987, -8.619717150000028], [82, 41.147817524999866, -8.619900075000029], [83, 41.14781099999986, -8.62008300000003], [84, 41.147811, -8.620083000000001]]",11.0
0,"[[49, 41.14803284999998, -8.613863550000005], [50, 41.148026324999975, -8.614046475000006], [51, 41.14801979999997, -8.614229400000006], [52, 41.14801327499997, -8.614412325000007]]",9.0
0,"[[41, 41.14803985714286, -8.612577000000003], [42, 41.148072000000006, -8.612766000000004], [43, 41.148072, -8.612766], [44, 41.148065475, -8.612948925000001]]",11.0
0,"[[3, 41.164371, -8.606501999999999], [4, 41.164548, -8.606423999999999], [5, 41.164725, -8.606345999999998], [6, 41.164902000000005, -8.606267999999998], [8, 41.165217000000005, -8.606304], [9, 41.1654078, -8.6063256], [10, 41.1655986, -8.6063472]]",9.0
0,"[[87, 41.1475094117647, -8.620210058823556], [88, 41.14749952941176, -8.62039164705885], [89, 41.14748964705882, -8.620573235294145], [94, 41.147496, -8.621349], [95, 41.147532, -8.62158], [96, 41.147568, -8.621811], [97, 41.1476166, -8.622], [98, 41.1476652, -8.622189], [99, 41.1477138, -8.622378000000001], [100, 41.1477624, -8.622567000000002], [101, 41.147811, -8.622756000000003]]",14.0
0,"[[73, 41.14764776470588, -8.61766782352943], [74, 41.14763788235294, -8.617849411764725], [75, 41.147628, -8.61803100000002], [76, 41.147618117647056, -8.618212588235314]]",9.0
0,"[[52, 41.14785529411765, -8.613854470588242], [53, 41.14784541176471, -8.614036058823537], [54, 41.147835529411765, -8.614217647058831], [55, 41.14782564705882, -8.614399235294126]]",10.0
0,"[[36, 41.146047, -8.612667000000002], [39, 41.146029000000006, -8.612045999999998], [40, 41.146029000000006, -8.612046], [43, 41.146047, -8.611362], [44, 41.146029000000006, -8.611298999999999], [45, 41.146029000000006, -8.611155]]",14.0
0,"[[90, 41.153337, -8.609957999999995], [91, 41.15333699999999, -8.609957999999999], [93, 41.1537402, -8.609803199999998]]",10.0
0,"[[63, 41.149008, -8.610552], [64, 41.149044, -8.610543], [65, 41.1492276, -8.610471], [66, 41.1494112, -8.610399000000001]]",12.0
0,"[[55, 41.148009, -8.610894000000002], [56, 41.148009, -8.610894], [60, 41.1487866, -8.610627599999999]]",11.0
0,"[[2, 41.148216, -8.624079], [7, 41.148216, -8.624097], [8, 41.148216, -8.624106], [10, 41.148324, -8.624385], [11, 41.1484155, -8.6245665], [12, 41.148507, -8.624748], [13, 41.14859849999999, -8.6249295], [19, 41.14926539999999, -8.625556800000002], [20, 41.14946159999999, -8.625598200000002], [21, 41.14965779999999, -8.625639600000003], [23, 41.149854, -8.625681], [24, 41.1500475, -8.6257095], [25, 41.150241, -8.625737999999998], [26, 41.1504345, -8.625766499999997], [27, 41.150628000000005, -8.625794999999997], [28, 41.150821500000006, -8.625823499999996], [29, 41.15101500000001, -8.625851999999995], [31, 41.151252, -8.62584], [32, 41.151489, -8.625828], [33, 41.151726, -8.625816], [34, 41.151726, -8.625816000000002], [35, 41.151942, -8.625867000000001], [36, 41.152158, -8.625918]]",15.0
0,"[[17, 41.148107, -8.610863000000002], [18, 41.148286000000006, -8.610796000000002], [19, 41.14846500000001, -8.610729000000003], [20, 41.14864400000001, -8.610662000000003], [21, 41.148823000000014, -8.610595000000004], [22, 41.14900200000002, -8.610528000000004], [23, 41.14918100000002, -8.610461000000004], [24, 41.14936000000002, -8.610394000000005], [26, 41.149539, -8.610327], [27, 41.14972350000001, -8.610279], [28, 41.14990800000001, -8.610231], [29, 41.150092500000014, -8.610183000000001], [30, 41.15027700000002, -8.610135000000001]]",10.0
0,"[[0, 41.146029000000006, -8.612478000000001], [1, 41.14602, -8.612505], [2, 41.14603125, -8.6123025], [3, 41.1460425, -8.6121], [4, 41.14605375, -8.6118975]]",11.0
0,"[[31, 41.147487, -8.617495499999999], [32, 41.147571, -8.617667999999998], [33, 41.147655, -8.617840499999998], [34, 41.147739, -8.618012999999998]]",11.0
0,"[[16, 41.147784, -8.622576], [17, 41.14777500000001, -8.622621], [18, 41.14784100000001, -8.622849], [19, 41.147907, -8.623077], [21, 41.14797299999999, -8.623305], [22, 41.14802699999999, -8.623485], [23, 41.14808099999999, -8.623665], [24, 41.14813499999999, -8.623845000000001], [25, 41.14818899999999, -8.624025000000001], [26, 41.14824299999999, -8.624205000000002], [27, 41.14829699999999, -8.624385000000002], [28, 41.148350999999984, -8.624565000000002], [29, 41.14840499999998, -8.624745000000003], [37, 41.14917, -8.625456], [38, 41.14935, -8.625492], [39, 41.14953, -8.625528], [40, 41.14971, -8.625563999999999], [41, 41.14989, -8.625599999999999], [42, 41.15007, -8.625635999999998], [43, 41.15025, -8.625671999999998], [44, 41.15043, -8.625707999999998], [45, 41.15061, -8.625743999999997], [46, 41.15079, -8.625779999999997], [47, 41.15078999999999, -8.62578], [48, 41.15098285714285, -8.625818571428573], [49, 41.151175714285706, -8.625857142857145], [50, 41.15136857142856, -8.625895714285717], [51, 41.15156142857142, -8.625934285714289], [52, 41.15175428571428, -8.62597285714286], [53, 41.15194714285713, -8.626011428571433], [54, 41.15213999999999, -8.626050000000005], [55, 41.15214, -8.626050000000001], [56, 41.152365, -8.626131]]",14.0
0,"[[13, 41.14797299999999, -8.622584999999999], [14, 41.14797299999999, -8.622621], [15, 41.1479865, -8.622804], [16, 41.148, -8.622987], [17, 41.1480135, -8.62317], [18, 41.148027, -8.623353], [19, 41.1480405, -8.623536], [20, 41.148054, -8.623719], [21, 41.14812471428571, -8.623902857142857], [22, 41.14819542857142, -8.624086714285715], [23, 41.14826614285713, -8.624270571428573], [24, 41.14833685714285, -8.62445442857143], [25, 41.14840757142856, -8.624638285714289], [31, 41.14888740000001, -8.625186], [32, 41.14905660000001, -8.625257999999999], [33, 41.14922580000001, -8.625329999999998], [34, 41.14939500000001, -8.625401999999998], [35, 41.149564200000015, -8.625473999999997], [36, 41.14973340000002, -8.625545999999996], [37, 41.14990260000002, -8.625617999999996], [38, 41.15007180000002, -8.625689999999995], [39, 41.15024100000002, -8.625761999999995], [40, 41.150241, -8.625762], [41, 41.15043525, -8.62578975], [42, 41.1506295, -8.625817499999998], [43, 41.15082375, -8.625845249999998], [44, 41.151018, -8.625872999999997], [45, 41.15121225, -8.625900749999996], [46, 41.1514065, -8.625928499999995], [47, 41.15160075, -8.625956249999994], [48, 41.151795, -8.625983999999994], [49, 41.15198925, -8.626011749999993], [50, 41.1521835, -8.626039499999992]]",13.0
0,"[[31, 41.147654, -8.620595999999999], [32, 41.147592, -8.620766999999999], [33, 41.14753, -8.620937999999999], [38, 41.14750885714286, -8.621643857142859], [39, 41.14756028571429, -8.621825785714288], [40, 41.14761171428572, -8.622007714285717], [41, 41.14766314285716, -8.622189642857146], [42, 41.14771457142859, -8.622371571428575], [43, 41.14776600000002, -8.622553500000004], [44, 41.14781742857145, -8.622735428571433], [45, 41.14786885714288, -8.622917357142862], [46, 41.14792028571432, -8.623099285714291], [47, 41.14797171428575, -8.62328121428572], [48, 41.14802314285718, -8.62346314285715], [49, 41.14807457142861, -8.623645071428578], [50, 41.14812600000004, -8.623827000000007], [51, 41.148126, -8.623827], [52, 41.14823890909091, -8.623989], [53, 41.148351818181816, -8.624151], [54, 41.14846472727272, -8.624312999999999], [55, 41.14857763636363, -8.624474999999999], [61, 41.14925509090909, -8.625446999999996], [62, 41.149368, -8.625608999999995], [63, 41.149368, -8.625609], [64, 41.14954864285715, -8.625632785714286], [65, 41.14972928571429, -8.625656571428571], [66, 41.14990992857144, -8.625680357142857], [67, 41.150090571428585, -8.625704142857142], [68, 41.15027121428573, -8.625727928571427], [69, 41.15045185714288, -8.625751714285713], [70, 41.15063250000002, -8.625775499999998], [71, 41.15081314285717, -8.625799285714283], [72, 41.15099378571431, -8.625823071428568], [73, 41.15117442857146, -8.625846857142854], [74, 41.15135507142861, -8.625870642857139], [75, 41.15153571428575, -8.625894428571424], [76, 41.151716357142895, -8.62591821428571], [78, 41.151897000000005, -8.625942], [79, 41.15205, -8.625951], [80, 41.152236, -8.626032], [81, 41.152422, -8.626113]]",12.0
0,"[[97, 41.152488, -8.628676], [98, 41.152494, -8.628863], [99, 41.1525, -8.629050000000001], [100, 41.152506, -8.629237000000002], [101, 41.152512, -8.629424000000002], [102, 41.15251799999999, -8.629611000000002], [103, 41.15252399999999, -8.629798000000003], [104, 41.15252999999999, -8.629985000000003]]",9.0
0,"[[28, 41.14763099999999, -8.620119000000003], [29, 41.147631, -8.620118999999999], [30, 41.1476274, -8.620300799999999], [31, 41.1476238, -8.620482599999999], [32, 41.1476202, -8.620664399999999], [33, 41.1476166, -8.620846199999999], [35, 41.1476094, -8.621209799999999], [36, 41.1476058, -8.621391599999999], [37, 41.1476022, -8.621573399999999], [38, 41.1475986, -8.621755199999999], [39, 41.147595, -8.621936999999999], [40, 41.147595, -8.621937], [41, 41.1476496, -8.622117000000001], [42, 41.14770419999999, -8.622297000000001], [43, 41.14775879999999, -8.622477000000002], [44, 41.14781339999999, -8.622657000000002], [45, 41.14786799999999, -8.622837000000002], [46, 41.14792259999999, -8.623017000000003], [47, 41.14797719999999, -8.623197000000003], [48, 41.148031799999984, -8.623377000000003], [49, 41.14808639999998, -8.623557000000003], [50, 41.14814099999998, -8.623737000000004], [51, 41.14819559999998, -8.623917000000004], [52, 41.14825019999998, -8.624097000000004], [53, 41.14830479999998, -8.624277000000005], [54, 41.148359399999975, -8.624457000000005], [55, 41.14841399999997, -8.624637000000005], [56, 41.148414, -8.624637], [57, 41.14856699999999, -8.6247477], [58, 41.14871999999999, -8.6248584], [62, 41.14933199999998, -8.625301200000003], [64, 41.149637999999975, -8.625522600000004], [65, 41.14979099999997, -8.625633300000004], [66, 41.14994399999997, -8.625744000000005], [67, 41.149944, -8.625744000000001], [68, 41.15013136363636, -8.62576690909091], [69, 41.150318727272726, -8.625789818181818], [70, 41.15050609090909, -8.625812727272727], [71, 41.150693454545454, -8.625835636363636], [72, 41.15088081818182, -8.625858545454545], [73, 41.15106818181818, -8.625881454545453], [74, 41.15125554545455, -8.625904363636362], [75, 41.15144290909091, -8.625927272727271], [76, 41.15163027272728, -8.62595018181818], [78, 41.152005, -8.625995999999997], [79, 41.152005, -8.625996], [80, 41.15216475, -8.626106250000001], [81, 41.1523245, -8.626216500000002], [82, 41.15248425, -8.626326750000002]]",11.0
0,"[[38, 41.14753200000002, -8.620281000000004], [40, 41.1475428, -8.6204628], [41, 41.1475536, -8.6206446], [42, 41.1475644, -8.6208264], [43, 41.1475752, -8.6210082], [44, 41.147586, -8.62119], [45, 41.1475968, -8.6213718], [46, 41.14760759999999, -8.6215536], [47, 41.14761839999999, -8.6217354], [48, 41.14762919999999, -8.6219172], [49, 41.14763999999999, -8.622099], [50, 41.14764, -8.622098999999999], [51, 41.14769271428572, -8.622273214285713], [52, 41.14774542857143, -8.622447428571427], [53, 41.14779814285715, -8.62262164285714], [54, 41.14785085714286, -8.622795857142854], [55, 41.14790357142858, -8.622970071428568], [56, 41.14795628571429, -8.623144285714282], [57, 41.14800900000001, -8.623318499999996], [58, 41.14806171428573, -8.62349271428571], [59, 41.14811442857144, -8.623666928571424], [60, 41.148167142857154, -8.623841142857138], [61, 41.14821985714287, -8.624015357142852], [63, 41.1483252857143, -8.62436378571428], [64, 41.148378000000015, -8.624537999999994], [67, 41.148642, -8.624795999999998], [68, 41.148774, -8.624924999999998], [71, 41.149170000000005, -8.625311999999996], [73, 41.14943400000001, -8.625569999999994], [74, 41.14956600000001, -8.625698999999994], [75, 41.149566, -8.625699], [76, 41.14976, -8.625718999999998], [77, 41.149954, -8.625738999999998], [78, 41.150148, -8.625758999999997], [79, 41.150342, -8.625778999999996], [80, 41.150536, -8.625798999999995], [81, 41.15073, -8.625818999999995], [82, 41.150924, -8.625838999999994], [83, 41.151118, -8.625858999999993], [84, 41.151312, -8.625878999999992], [85, 41.151312, -8.625879], [86, 41.151549, -8.625906], [87, 41.151786, -8.625933000000002], [88, 41.152023, -8.625960000000003], [89, 41.152023, -8.625960000000001], [90, 41.15223, -8.626050000000001], [91, 41.152353, -8.626197000000001], [92, 41.152476, -8.626344000000001], [93, 41.152599, -8.626491000000001], [94, 41.152599, -8.626491]]",10.0
0,"[[50, 41.14593, -8.612581500000001], [51, 41.145939, -8.612397000000001], [52, 41.145939, -8.612397], [53, 41.145903, -8.612136]]",10.0
0,"[[159, 41.14889742857142, -8.625209142857145], [160, 41.149067142857135, -8.625292714285717], [161, 41.149236857142846, -8.625376285714289], [162, 41.14940657142856, -8.625459857142861], [163, 41.14957628571427, -8.625543428571433], [164, 41.14974599999998, -8.625627000000005], [165, 41.149746, -8.625627000000001], [166, 41.1499269, -8.625653100000001], [167, 41.15010780000001, -8.6256792], [168, 41.15028870000001, -8.6257053], [169, 41.150469600000015, -8.6257314], [170, 41.15065050000002, -8.625757499999999], [171, 41.15083140000002, -8.625783599999998], [172, 41.151012300000026, -8.625809699999998], [173, 41.15119320000003, -8.625835799999997], [174, 41.151374100000034, -8.625861899999997], [175, 41.15155500000004, -8.625887999999996], [176, 41.15155500000001, -8.625888000000002], [177, 41.15175120000001, -8.625936600000001], [178, 41.151947400000005, -8.6259852], [179, 41.1521436, -8.6260338], [180, 41.1523398, -8.6260824], [181, 41.152536, -8.626130999999999], [182, 41.152536, -8.626131], [183, 41.1525195, -8.626333500000001]]",9.0
0,"[[126, 41.14757099999997, -8.619952500000002], [127, 41.14756566666664, -8.620134000000002], [128, 41.1475603333333, -8.620315500000002], [129, 41.14755499999997, -8.620497000000002], [130, 41.14754966666664, -8.620678500000002], [131, 41.1475443333333, -8.620860000000002], [132, 41.147538999999966, -8.621041500000002], [133, 41.14753366666663, -8.621223000000002], [134, 41.1475283333333, -8.621404500000002], [135, 41.14752299999997, -8.621586000000002], [136, 41.14752300000001, -8.621586], [137, 41.147571600000006, -8.621776800000001], [138, 41.147620200000006, -8.621967600000001], [139, 41.147668800000005, -8.622158400000002], [140, 41.147717400000005, -8.622349200000002], [141, 41.147766, -8.622540000000003], [142, 41.1478146, -8.622730800000003], [143, 41.1478632, -8.622921600000003], [144, 41.1479118, -8.623112400000004], [145, 41.1479604, -8.623303200000004], [146, 41.148009, -8.623494000000004], [147, 41.148009, -8.623494], [148, 41.14807, -8.623666], [149, 41.14813100000001, -8.623838], [150, 41.14819200000001, -8.624009999999998], [151, 41.14825300000001, -8.624181999999998], [152, 41.14831400000001, -8.624353999999997], [153, 41.148375000000016, -8.624525999999996], [154, 41.14843600000002, -8.624697999999995]]",9.0
0,"[[25, 41.148225, -8.610994125], [26, 41.148396, -8.610923249999999], [27, 41.148567, -8.610852374999999], [28, 41.148738, -8.610781499999998], [29, 41.148909, -8.610710624999998], [30, 41.149080000000005, -8.610639749999997], [31, 41.14925100000001, -8.610568874999997], [32, 41.14942200000001, -8.610497999999996], [33, 41.149422, -8.610498000000002], [34, 41.149603125, -8.610427125000001], [35, 41.14978425, -8.61035625], [36, 41.149965375, -8.610285375], [37, 41.15014649999999, -8.6102145], [38, 41.15032762499999, -8.610143625]]",9.0
0,"[[5, 41.146002, -8.612388], [6, 41.145993, -8.612406000000002], [7, 41.145993, -8.612199], [8, 41.1460668, -8.6120064], [9, 41.1461406, -8.6118138], [10, 41.146214400000005, -8.6116212]]",9.0
0,"[[1, 41.148018, -8.612397], [2, 41.148009865384616, -8.61258098076923], [3, 41.14800173076923, -8.612764961538462]]",9.0
